timestamp,cpu_temp_c,service_state,pid,cpu_percent,memory_percent
2026-09-23 00:41:32,49.7,active,1084,17.2,2.0
2026-09-23 00:42:32,48.2,active,1084,17.3,2.0
2026-09-23 00:43:32,47.2,active,1084,17.4,2.0
2026-09-23 00:44:32,48.2,active,1084,17.5,2.0
2026-09-23 00:45:33,47.7,active,1084,17.6,2.0
2026-09-23 00:46:33,47.7,active,1084,17.7,2.0
2026-09-23 00:47:33,47.7,active,1084,17.8,2.0
2026-09-23 00:48:33,47.7,active,1084,17.9,2.0
2026-09-23 00:49:33,47.7,active,1084,17.9,2.0
2026-09-23 00:50:33,47.7,active,1084,18.0,2.0
2026-09-23 00:51:33,48.2,active,1084,18.1,2.0
2026-09-23 00:52:34,48.7,active,1084,18.1,2.0
2026-09-23 00:53:34,48.2,active,1084,18.2,2.0
2026-09-23 00:54:34,47.7,active,1084,18.2,2.0
2026-09-23 00:55:34,48.7,active,1084,18.3,2.0
2026-09-23 00:56:34,49.2,active,1084,18.3,2.0
2026-09-23 00:57:34,50.6,active,1084,18.4,2.0
2026-09-23 00:58:34,49.2,active,1084,18.4,2.0
2026-09-23 00:59:35,50.1,active,1084,18.5,2.0
2026-09-23 01:00:35,49.2,active,1084,18.5,2.0
2026-09-23 01:01:35,47.7,active,1084,18.6,2.0
2026-09-23 01:02:35,49.7,active,1084,18.6,2.0
2026-09-23 01:03:35,49.7,active,1084,18.6,2.0
2026-09-23 01:04:35,49.2,active,1084,18.7,2.0
2026-09-23 01:05:35,48.7,active,1084,18.7,2.0
2026-09-23 01:06:36,49.2,active,1084,18.7,2.0
2026-09-23 01:07:36,49.2,active,1084,18.8,2.0
2026-09-23 01:08:36,48.7,active,1084,18.8,2.0
2026-09-23 01:09:36,48.7,active,1084,18.8,2.0
2026-09-23 01:10:36,49.2,active,1084,18.9,2.0
2026-09-23 01:11:36,47.2,active,1084,18.9,2.0
2026-09-23 01:12:36,47.2,active,1084,18.9,2.0
2026-09-23 01:13:37,47.2,active,1084,18.9,2.0
2026-09-23 01:14:37,46.7,active,1084,19.0,2.0
2026-09-23 01:15:37,48.7,active,1084,19.0,2.0
2026-09-23 01:16:37,47.2,active,1084,19.0,2.0
2026-09-23 01:17:37,48.2,active,1084,19.0,2.0
2026-09-23 01:18:37,47.2,active,1084,19.1,2.0
2026-09-23 01:19:37,48.7,active,1084,19.1,2.0
2026-09-23 01:20:38,48.7,active,1084,19.1,2.0
2026-09-23 01:21:38,49.2,active,1084,19.1,2.0
2026-09-23 01:22:38,48.7,active,1084,19.1,2.0
2026-09-23 01:23:38,49.7,active,1084,19.2,2.0
2026-09-23 01:24:38,49.7,active,1084,19.2,2.0
2026-09-23 01:25:38,49.2,active,1084,19.2,2.0
2026-09-23 01:26:38,50.6,active,1084,19.2,2.0
2026-09-23 01:27:39,49.2,active,1084,19.2,2.0
2026-09-23 01:28:39,49.7,active,1084,19.2,2.0
2026-09-23 01:29:39,49.7,active,1084,19.3,2.0
2026-09-23 01:30:39,48.2,active,1084,19.3,2.0
2026-09-23 01:31:39,50.1,active,1084,19.3,2.0
2026-09-23 01:32:39,47.7,active,1084,19.3,2.0
2026-09-23 01:33:39,47.7,active,1084,19.3,2.0
2026-09-23 01:34:40,48.2,active,1084,19.3,2.0
2026-09-23 01:35:40,48.7,active,1084,19.3,2.0
2026-09-23 01:36:40,47.7,active,1084,19.4,2.0
2026-09-23 01:37:40,48.2,active,1084,19.4,2.0
2026-09-23 01:38:40,48.2,active,1084,19.4,2.0
2026-09-23 01:39:40,47.2,active,1084,19.4,2.0
2026-09-23 01:40:40,46.7,active,1084,19.4,2.0
2026-09-23 01:41:41,46.3,active,1084,19.4,2.0
2026-09-23 01:42:41,46.7,active,1084,19.4,2.0
2026-09-23 01:43:41,46.7,active,1084,19.4,2.0
2026-09-23 01:44:41,47.2,active,1084,19.5,2.0
2026-09-23 01:45:41,46.3,active,1084,19.5,2.0
2026-09-23 01:46:41,44.8,active,1084,19.5,2.0
2026-09-23 01:47:41,45.8,active,1084,19.5,2.0
2026-09-23 01:48:42,45.8,active,1084,19.5,2.0
2026-09-23 01:49:42,45.3,active,1084,19.5,2.0
2026-09-23 01:50:42,46.3,active,1084,19.5,2.0
2026-09-23 01:51:42,47.2,active,1084,19.5,2.0
2026-09-23 01:52:42,48.2,active,1084,19.5,2.0
2026-09-23 01:53:42,48.7,active,1084,19.5,2.0
2026-09-23 01:54:42,49.2,active,1084,19.6,2.0
2026-09-23 01:55:43,49.2,active,1084,19.6,2.0
2026-09-23 01:56:43,49.2,active,1084,19.6,2.0
2026-09-23 01:57:43,49.2,active,1084,19.6,2.0
2026-09-23 01:58:43,49.7,active,1084,19.6,2.0
2026-09-23 01:59:43,49.7,active,1084,19.6,2.0
2026-09-23 02:00:43,48.7,active,1084,19.6,2.0
2026-09-23 02:01:43,49.7,active,1084,19.6,2.0
2026-09-23 02:02:44,49.7,active,1084,19.6,2.0
2026-09-23 02:03:44,48.7,active,1084,19.6,2.0
2026-09-23 02:04:44,49.2,active,1084,19.6,2.0
2026-09-23 02:05:44,49.7,active,1084,19.6,2.0
2026-09-23 02:06:44,48.7,active,1084,19.6,2.0
2026-09-23 02:07:44,49.7,active,1084,19.7,2.0
2026-09-23 02:08:44,49.2,active,1084,19.7,2.0
2026-09-23 02:09:45,48.7,active,1084,19.7,2.0
2026-09-23 02:10:45,48.7,active,1084,19.7,2.0
2026-09-23 02:11:45,49.2,active,1084,19.7,2.0
2026-09-23 02:12:45,48.7,active,1084,19.7,2.0
2026-09-23 02:13:45,48.7,active,1084,19.7,2.0
2026-09-23 02:14:45,48.7,active,1084,19.7,2.0
2026-09-23 02:15:45,49.2,active,1084,19.7,2.0
2026-09-23 02:16:46,48.7,active,1084,19.7,2.0
2026-09-23 02:17:46,49.2,active,1084,19.7,2.0
2026-09-23 02:18:46,48.7,active,1084,19.7,2.0
2026-09-23 02:19:46,49.2,active,1084,19.7,2.0
2026-09-23 02:20:46,49.2,active,1084,19.7,2.0
2026-09-23 02:21:46,48.7,active,1084,19.7,2.0
2026-09-23 02:22:46,48.7,active,1084,19.7,2.0
2026-09-23 02:23:47,49.2,active,1084,19.8,2.0
2026-09-23 02:24:47,48.7,active,1084,19.8,2.0
2026-09-23 02:25:47,48.7,active,1084,19.8,2.0
2026-09-23 02:26:47,49.7,active,1084,19.8,2.0
2026-09-23 02:27:47,49.7,active,1084,19.8,2.0
2026-09-23 02:28:47,49.2,active,1084,19.8,2.0
2026-09-23 02:29:47,49.7,active,1084,19.8,2.0
2026-09-23 02:30:48,51.1,active,1084,19.8,2.0
2026-09-23 02:31:48,50.1,active,1084,19.8,2.0
2026-09-23 02:32:48,50.6,active,1084,19.8,2.0
2026-09-23 02:33:48,49.2,active,1084,19.8,2.0
2026-09-23 02:34:48,50.1,active,1084,19.8,2.0
2026-09-23 02:35:48,50.1,active,1084,19.8,2.0
2026-09-23 02:36:48,49.2,active,1084,19.8,2.0
2026-09-23 02:37:49,49.2,active,1084,19.8,2.0
2026-09-23 02:38:49,49.2,active,1084,19.8,2.0
2026-09-23 02:39:49,48.7,active,1084,19.8,2.0
2026-09-23 02:40:49,47.2,active,1084,19.8,2.0
