날짜	시간	온도_C	메모리사용_MB	사용가능_MB	서비스상태	재시작횟수	PID	프로그램메모리_MB	프로그램CPU_pct	스로틀상태
2026-09-23\t14:25:09	55.0	286	3394	active/running	0	1111	78.9	15.4	throttled=0x0
2026-09-23\t14:26:09	54.0	288	3393	active/running	0	1111	78.9	15.4	throttled=0x0
2026-09-23\t14:27:10	54.0	288	3392	active/running	0	1111	78.9	15.4	throttled=0x0
2026-09-23\t14:28:10	54.0	289	3392	active/running	0	1111	78.9	15.4	throttled=0x0
2026-09-23\t14:29:10	53.6	287	3393	active/running	0	1111	78.9	15.4	throttled=0x0
2026-09-23\t14:30:10	54.0	288	3393	active/running	0	1111	78.9	15.4	throttled=0x0
2026-09-23\t14:31:10	54.5	289	3392	active/running	0	1111	78.9	15.4	throttled=0x0
2026-09-23\t14:32:10	53.6	288	3392	active/running	0	1111	78.9	15.4	throttled=0x0
2026-09-23\t14:33:10	54.5	288	3392	active/running	0	1111	78.9	15.4	throttled=0x0
2026-09-23\t14:34:10	54.5	288	3393	active/running	0	1111	78.9	15.4	throttled=0x0
2026-09-23\t14:35:11	54.0	288	3392	active/running	0	1111	78.9	15.4	throttled=0x0
2026-09-23\t14:36:11	53.1	288	3393	active/running	0	1111	78.9	15.4	throttled=0x0
2026-09-23\t14:37:11	54.0	288	3392	active/running	0	1111	78.9	15.4	throttled=0x0
2026-09-23\t14:38:11	54.5	290	3391	active/running	0	1111	78.9	15.4	throttled=0x0
2026-09-23\t14:39:11	54.0	288	3393	active/running	0	1111	78.9	15.4	throttled=0x0
2026-09-23\t14:40:11	54.5	289	3392	active/running	0	1111	78.9	15.4	throttled=0x0
2026-09-23\t14:41:11	55.0	289	3392	active/running	0	1111	78.9	15.4	throttled=0x0
2026-09-23\t14:42:12	54.0	288	3392	active/running	0	1111	78.9	15.4	throttled=0x0
2026-09-23\t14:43:12	54.0	289	3391	active/running	0	1111	78.9	15.4	throttled=0x0
2026-09-23\t14:44:12	54.5	289	3391	active/running	0	1111	78.9	15.4	throttled=0x0
2026-09-23\t14:45:12	54.0	288	3393	active/running	0	1111	78.9	15.4	throttled=0x0
2026-09-23\t14:46:12	54.0	288	3393	active/running	0	1111	78.9	15.4	throttled=0x0
2026-09-23\t14:47:12	54.5	289	3392	active/running	0	1111	78.9	15.4	throttled=0x0
2026-09-23\t14:48:12	55.0	288	3392	active/running	0	1111	78.9	15.4	throttled=0x0
2026-09-23\t14:49:12	55.0	289	3391	active/running	0	1111	78.9	15.4	throttled=0x0
2026-09-23\t14:50:13	55.5	290	3391	active/running	0	1111	78.9	15.4	throttled=0x0
2026-09-23\t14:51:13	54.0	289	3390	active/running	0	1111	78.9	15.4	throttled=0x0
2026-09-23\t14:52:13	54.5	288	3392	active/running	0	1111	78.9	15.4	throttled=0x0
2026-09-23\t14:53:13	54.0	288	3392	active/running	0	1111	78.9	15.4	throttled=0x0
2026-09-23\t14:54:13	54.5	290	3391	active/running	0	1111	78.9	15.4	throttled=0x0
2026-09-23\t14:55:13	53.6	289	3391	active/running	0	1111	78.9	15.4	throttled=0x0
2026-09-23\t14:56:13	53.6	289	3392	active/running	0	1111	78.9	15.4	throttled=0x0
2026-09-23\t14:57:13	54.5	289	3391	active/running	0	1111	78.9	15.4	throttled=0x0
2026-09-23\t14:58:14	54.0	289	3391	active/running	0	1111	78.9	15.4	throttled=0x0
2026-09-23\t14:59:14	54.0	290	3391	active/running	0	1111	78.9	15.4	throttled=0x0
2026-09-23\t15:00:14	54.0	289	3391	active/running	0	1111	78.9	15.4	throttled=0x0
2026-09-23\t15:01:14	54.5	288	3392	active/running	0	1111	78.9	15.4	throttled=0x0
2026-09-23\t15:02:14	53.6	289	3391	active/running	0	1111	78.9	15.4	throttled=0x0
2026-09-23\t15:03:14	54.5	289	3391	active/running	0	1111	78.9	15.4	throttled=0x0
2026-09-23\t15:04:14	55.5	290	3391	active/running	0	1111	78.9	15.4	throttled=0x0
2026-09-23\t15:05:15	54.0	289	3391	active/running	0	1111	78.9	15.4	throttled=0x0
2026-09-23\t15:06:15	54.5	290	3391	active/running	0	1111	78.9	15.4	throttled=0x0
2026-09-23\t15:07:15	55.0	289	3391	active/running	0	1111	78.9	15.4	throttled=0x0
2026-09-23\t15:08:15	55.5	290	3391	active/running	0	1111	78.9	15.4	throttled=0x0
2026-09-23\t15:09:15	54.0	290	3391	active/running	0	1111	78.9	15.4	throttled=0x0
2026-09-23\t15:10:15	54.5	289	3392	active/running	0	1111	78.9	15.4	throttled=0x0
2026-09-23\t15:11:15	54.0	290	3391	active/running	0	1111	78.9	15.4	throttled=0x0
2026-09-23\t15:12:15	53.6	289	3391	active/running	0	1111	78.9	15.4	throttled=0x0
2026-09-23\t15:13:16	53.6	290	3391	active/running	0	1111	78.9	15.4	throttled=0x0
2026-09-23\t15:14:16	53.6	290	3390	active/running	0	1111	78.9	15.4	throttled=0x0
2026-09-23\t15:15:16	54.5	289	3390	active/running	0	1111	78.9	15.4	throttled=0x0
2026-09-23\t15:16:16	54.5	290	3390	active/running	0	1111	78.9	15.4	throttled=0x0
2026-09-23\t15:17:16	54.0	290	3391	active/running	0	1111	78.9	15.4	throttled=0x0
2026-09-23\t15:18:16	54.5	289	3391	active/running	0	1111	78.9	15.4	throttled=0x0
2026-09-23\t15:19:16	54.5	290	3390	active/running	0	1111	78.9	15.4	throttled=0x0
2026-09-23\t15:20:17	54.5	289	3391	active/running	0	1111	78.9	15.4	throttled=0x0
2026-09-23\t15:21:17	54.0	289	3391	active/running	0	1111	78.9	15.4	throttled=0x0
2026-09-23\t15:22:17	55.0	290	3391	active/running	0	1111	78.9	15.4	throttled=0x0
2026-09-23\t15:23:17	54.5	290	3391	active/running	0	1111	78.9	15.4	throttled=0x0
2026-09-23\t15:24:17	54.0	289	3391	active/running	0	1111	78.9	15.4	throttled=0x0
2026-09-23\t15:25:17	54.0	290	3391	active/running	0	1111	78.9	15.4	throttled=0x0
2026-09-23\t15:26:17	55.0	290	3391	active/running	0	1111	78.9	15.4	throttled=0x0
2026-09-23\t15:27:17	55.0	289	3391	active/running	0	1111	78.9	15.4	throttled=0x0
2026-09-23\t15:28:18	55.0	290	3391	active/running	0	1111	78.9	15.4	throttled=0x0
2026-09-23\t15:29:18	55.5	289	3392	active/running	0	1111	78.9	15.4	throttled=0x0
2026-09-23\t15:30:18	55.0	290	3391	active/running	0	1111	78.9	15.4	throttled=0x0
2026-09-23\t15:31:18	55.5	290	3391	active/running	0	1111	78.9	15.4	throttled=0x0
2026-09-23\t15:32:18	54.5	290	3391	active/running	0	1111	78.9	15.4	throttled=0x0
2026-09-23\t15:33:18	55.0	291	3390	active/running	0	1111	78.9	15.4	throttled=0x0
2026-09-23\t15:34:18	56.0	290	3390	active/running	0	1111	78.9	15.4	throttled=0x0
2026-09-23\t15:35:18	55.0	290	3390	active/running	0	1111	78.9	15.4	throttled=0x0
2026-09-23\t15:36:19	54.0	289	3391	active/running	0	1111	78.9	15.4	throttled=0x0
2026-09-23\t15:37:19	53.6	289	3391	active/running	0	1111	78.9	15.4	throttled=0x0
2026-09-23\t15:38:19	54.5	290	3390	active/running	0	1111	78.9	15.4	throttled=0x0
2026-09-23\t15:39:19	54.5	290	3391	active/running	0	1111	78.9	15.4	throttled=0x0
2026-09-23\t15:40:19	54.5	290	3391	active/running	0	1111	78.9	15.4	throttled=0x0
2026-09-23\t15:41:19	53.6	290	3391	active/running	0	1111	78.9	15.4	throttled=0x0
2026-09-23\t15:42:19	54.0	290	3390	active/running	0	1111	78.9	15.4	throttled=0x0
2026-09-23\t15:43:20	55.0	289	3392	active/running	0	1111	78.9	15.4	throttled=0x0
2026-09-23\t15:44:20	54.5	289	3391	active/running	0	1111	78.9	15.4	throttled=0x0
2026-09-23\t15:45:20	53.6	290	3391	active/running	0	1111	78.9	15.4	throttled=0x0
2026-09-23\t15:46:20	54.5	289	3391	active/running	0	1111	78.9	15.4	throttled=0x0
2026-09-23\t15:47:20	54.5	290	3390	active/running	0	1111	78.9	15.4	throttled=0x0
2026-09-23\t15:48:20	55.0	290	3390	active/running	0	1111	78.9	15.4	throttled=0x0
2026-09-23\t15:49:20	55.0	290	3390	active/running	0	1111	78.9	15.4	throttled=0x0
2026-09-23\t15:50:21	55.0	290	3390	active/running	0	1111	78.9	15.4	throttled=0x0
2026-09-23\t15:51:21	54.5	290	3391	active/running	0	1111	78.9	15.4	throttled=0x0
2026-09-23\t15:52:21	54.0	290	3390	active/running	0	1111	78.9	15.4	throttled=0x0
2026-09-23\t15:53:21	54.5	290	3390	active/running	0	1111	78.9	15.4	throttled=0x0
2026-09-23\t15:54:21	55.0	290	3390	active/running	0	1111	78.9	15.4	throttled=0x0
2026-09-23\t15:55:21	54.0	290	3390	active/running	0	1111	78.9	15.4	throttled=0x0
2026-09-23\t15:56:21	54.5	291	3390	active/running	0	1111	78.9	15.4	throttled=0x0
2026-09-23\t15:57:21	54.0	290	3390	active/running	0	1111	78.9	15.4	throttled=0x0
2026-09-23\t15:58:22	53.6	290	3391	active/running	0	1111	78.9	15.4	throttled=0x0
2026-09-23\t15:59:22	53.6	288	3392	active/running	0	1111	78.9	15.4	throttled=0x0
2026-09-23\t16:00:22	53.6	290	3391	active/running	0	1111	78.9	15.4	throttled=0x0
2026-09-23\t16:01:22	55.0	289	3392	active/running	0	1111	78.9	15.4	throttled=0x0
2026-09-23\t16:02:22	53.6	289	3392	active/running	0	1111	78.9	15.4	throttled=0x0
2026-09-23\t16:03:22	54.0	290	3391	active/running	0	1111	78.9	15.4	throttled=0x0
2026-09-23\t16:04:22	54.5	289	3391	active/running	0	1111	78.9	15.4	throttled=0x0
2026-09-23\t16:05:22	55.5	289	3390	active/running	0	1111	78.9	15.4	throttled=0x0
2026-09-23\t16:06:23	53.6	290	3391	active/running	0	1111	78.9	15.4	throttled=0x0
2026-09-23\t16:07:23	54.5	289	3391	active/running	0	1111	78.9	15.4	throttled=0x0
2026-09-23\t16:08:23	54.0	290	3391	active/running	0	1111	78.9	15.4	throttled=0x0
2026-09-23\t16:09:23	54.5	290	3391	active/running	0	1111	78.9	15.4	throttled=0x0
2026-09-23\t16:10:23	54.5	290	3391	active/running	0	1111	78.9	15.4	throttled=0x0
2026-09-23\t16:11:23	55.0	289	3392	active/running	0	1111	78.9	15.4	throttled=0x0
2026-09-23\t16:12:23	54.0	289	3392	active/running	0	1111	78.9	15.4	throttled=0x0
2026-09-23\t16:13:24	54.5	290	3391	active/running	0	1111	78.9	15.4	throttled=0x0
2026-09-23\t16:14:24	54.0	290	3390	active/running	0	1111	78.9	15.4	throttled=0x0
2026-09-23\t16:15:24	55.0	289	3391	active/running	0	1111	78.9	15.4	throttled=0x0
2026-09-23\t16:16:24	55.0	291	3390	active/running	0	1111	78.9	15.4	throttled=0x0
2026-09-23\t16:17:24	54.5	291	3390	active/running	0	1111	78.9	15.4	throttled=0x0
2026-09-23\t16:18:24	55.0	289	3391	active/running	0	1111	78.9	15.4	throttled=0x0
2026-09-23\t16:19:24	55.5	290	3390	active/running	0	1111	78.9	15.4	throttled=0x0
2026-09-23\t16:20:24	56.0	290	3391	active/running	0	1111	78.9	15.4	throttled=0x0
2026-09-23\t16:21:25	55.0	290	3390	active/running	0	1111	78.9	15.4	throttled=0x0
2026-09-23\t16:22:25	55.5	290	3390	active/running	0	1111	78.9	15.4	throttled=0x0
2026-09-23\t16:23:25	56.0	290	3390	active/running	0	1111	78.9	15.4	throttled=0x0
2026-09-23\t16:24:25	55.0	291	3390	active/running	0	1111	78.9	15.4	throttled=0x0
